path,absolutePath,bytes,files,directBytes,directFiles,directories,readErrors,skippedReparsePoints,status,condition,trackedFiles,parentRow,external
C:/Users/Jobscn/.nuget/packages,C:\Users\Jobscn\.nuget\packages,2302481013,16976,0,0,9477,0,0,shared_unconfirmed,其他项目可能共用；仅列账，确认归属与占用后再由维护者清理,,,True
C:/Users/Jobscn/AppData/Local/NuGet,C:\Users\Jobscn\AppData\Local\NuGet,919099410,1963,0,0,5,0,0,shared_unconfirmed,其他项目可能共用；仅列账，确认归属与占用后再由维护者清理,,,True
C:/Users/Jobscn/AppData/Local/Temp/MSBuildTemp,C:\Users\Jobscn\AppData\Local\Temp\MSBuildTemp,0,0,0,0,0,0,0,shared_unconfirmed,其他项目可能共用；仅列账，确认归属与占用后再由维护者清理,,,True
C:/Users/Jobscn/AppData/Local/Temp/NuGetScratch,C:\Users\Jobscn\AppData\Local\Temp\NuGetScratch,0,0,0,0,1,0,0,shared_unconfirmed,其他项目可能共用；仅列账，确认归属与占用后再由维护者清理,,,True
C:/Users/Jobscn/AppData/Local/Temp/Unity,C:\Users\Jobscn\AppData\Local\Temp\Unity,158427885,6,0,0,5,0,0,shared_unconfirmed,其他项目可能共用；仅列账，确认归属与占用后再由维护者清理,,,True
C:/Users/Jobscn/AppData/Local/Temp/UnityCBMCrashes,C:\Users\Jobscn\AppData\Local\Temp\UnityCBMCrashes,0,0,0,0,0,0,0,shared_unconfirmed,其他项目可能共用；仅列账，确认归属与占用后再由维护者清理,,,True
C:/Users/Jobscn/AppData/Local/Unity/cache,C:\Users\Jobscn\AppData\Local\Unity\cache,246290184,1061,0,0,2271,0,0,shared_unconfirmed,其他项目可能共用；仅列账，确认归属与占用后再由维护者清理,,,True
.,D:\Developer\MiniGames\Dark Nights\unity-projects,17486493560,159786,30694,5,12061,0,0,retain_source,仓库源码／配置；不属于自动清理范围,3466,,False
.deps,D:\Developer\MiniGames\Dark Nights\unity-projects\.deps,58483462,9678,0,0,878,0,0,retain_source,仓库源码／配置；不属于自动清理范围,0,.,False
.deps/FishNet,D:\Developer\MiniGames\Dark Nights\unity-projects\.deps\FishNet,10215798,2057,25895,10,224,0,0,dependency_checkout,锁定依赖；先确认未提交修改、本地提交及生成 DLL，后续构建仍需重建,0,.deps,False
.deps/FishNet/.git/logs,D:\Developer\MiniGames\Dark Nights\unity-projects\.deps\FishNet\.git\logs,185,1,185,1,0,0,0,retain_source,Git 对象／工作树登记属于恢复来源；不作为普通缓存清理,0,.deps/FishNet,False
.deps/FishNet/Assets/FishNet/Demos/ColliderRollback/Scripts/Player,D:\Developer\MiniGames\Dark Nights\unity-projects\.deps\FishNet\Assets\FishNet\Demos\ColliderRollback\Scripts\Player,4778,8,4778,8,0,0,0,retain_source,仓库源码／配置；不属于自动清理范围,0,.deps/FishNet,False
.deps/YYGC,D:\Developer\MiniGames\Dark Nights\unity-projects\.deps\YYGC,36513877,6284,37109,18,506,0,0,dependency_checkout,锁定依赖；先确认未提交修改、本地提交及生成 DLL，后续构建仍需重建,0,.deps,False
.deps/YYGC-unified,D:\Developer\MiniGames\Dark Nights\unity-projects\.deps\YYGC-unified,11753787,1337,37206,19,145,0,0,dependency_checkout,锁定依赖；先确认未提交修改、本地提交及生成 DLL，后续构建仍需重建,0,.deps,False
.deps/YYGC/.artifacts/vitalrouter-fix/VitalRouter-5c6cd79aad43bb3f128230e89aa282b59cde4a69/src/VitalRouter.MRuby/bin,D:\Developer\MiniGames\Dark Nights\unity-projects\.deps\YYGC\.artifacts\vitalrouter-fix\VitalRouter-5c6cd79aad43bb3f128230e89aa282b59cde4a69\src\VitalRouter.MRuby\bin,406,1,0,0,2,0,0,dependency_intermediate,依赖自带工具／生成器产物；先核对源文件、输出 DLL 依赖和本地修改，不自动清理,0,.deps/YYGC,False
.deps/YYGC/.git/logs,D:\Developer\MiniGames\Dark Nights\unity-projects\.deps\YYGC\.git\logs,2047,4,748,1,5,0,0,retain_source,Git 对象／工作树登记属于恢复来源；不作为普通缓存清理,0,.deps/YYGC,False
.deps/YYGC/.git/worktrees/YYGC-unified/logs,D:\Developer\MiniGames\Dark Nights\unity-projects\.deps\YYGC\.git\worktrees\YYGC-unified\logs,1072,1,1072,1,0,0,0,retain_source,Git 对象／工作树登记属于恢复来源；不作为普通缓存清理,0,.deps/YYGC,False
.deps/YYGC/tools/NetworkValidation~/VitalRouterFix.Tests/bin,D:\Developer\MiniGames\Dark Nights\unity-projects\.deps\YYGC\tools\NetworkValidation~\VitalRouterFix.Tests\bin,4627753,90,0,0,15,0,0,dependency_intermediate,依赖自带工具／生成器产物；先核对源文件、输出 DLL 依赖和本地修改，不自动清理,0,.deps/YYGC,False
.deps/YYGC/tools/NetworkValidation~/VitalRouterFix.Tests/obj,D:\Developer\MiniGames\Dark Nights\unity-projects\.deps\YYGC\tools\NetworkValidation~\VitalRouterFix.Tests\obj,186030,19,66155,5,4,0,0,dependency_intermediate,依赖自带工具／生成器产物；先核对源文件、输出 DLL 依赖和本地修改，不自动清理,0,.deps/YYGC,False
.deps/YYGC/tools/NetworkValidation~/VitalRouterFix/bin,D:\Developer\MiniGames\Dark Nights\unity-projects\.deps\YYGC\tools\NetworkValidation~\VitalRouterFix\bin,86845,3,0,0,2,0,0,dependency_intermediate,依赖自带工具／生成器产物；先核对源文件、输出 DLL 依赖和本地修改，不自动清理,0,.deps/YYGC,False
.deps/YYGC/tools/NetworkValidation~/VitalRouterFix/obj,D:\Developer\MiniGames\Dark Nights\unity-projects\.deps\YYGC\tools\NetworkValidation~\VitalRouterFix\obj,107506,15,16979,5,2,0,0,dependency_intermediate,依赖自带工具／生成器产物；先核对源文件、输出 DLL 依赖和本地修改，不自动清理,0,.deps/YYGC,False
.git,D:\Developer\MiniGames\Dark Nights\unity-projects\.git,17340010,5414,502082,7,279,0,0,retain_source,Git 对象／工作树登记属于恢复来源；不作为普通缓存清理,0,.,False
.git/logs,D:\Developer\MiniGames\Dark Nights\unity-projects\.git\logs,24627,8,11477,1,6,0,0,retain_source,Git 对象／工作树登记属于恢复来源；不作为普通缓存清理,0,.git,False
.git/worktrees/source,D:\Developer\MiniGames\Dark Nights\unity-projects\.git\worktrees\source,501411,7,500153,6,2,0,0,retain_source,Git 对象／工作树登记属于恢复来源；不作为普通缓存清理,0,.git,False
.git/worktrees/source/logs,D:\Developer\MiniGames\Dark Nights\unity-projects\.git\worktrees\source\logs,1258,1,1258,1,0,0,0,retain_source,Git 对象／工作树登记属于恢复来源；不作为普通缓存清理,0,.git/worktrees/source,False
artifacts,D:\Developer\MiniGames\Dark Nights\unity-projects\artifacts,10457750313,87524,405139,12,6885,0,0,contains_denied,含已拒绝子项，不能整体删除；非受限子项另按条件列账,0,.,False
artifacts/art-staging,D:\Developer\MiniGames\Dark Nights\unity-projects\artifacts\art-staging,2376600,553,153800,1,78,0,0,archive_then_clean,含诊断、截图、日志、测试存档或临时源码；先归档必要证据和唯一源文件,0,artifacts,False
artifacts/aseprite-pixel-crew,D:\Developer\MiniGames\Dark Nights\unity-projects\artifacts\aseprite-pixel-crew,1231327,168,9282,7,12,0,0,archive_then_clean,含诊断、截图、日志、测试存档或临时源码；先归档必要证据和唯一源文件,0,artifacts,False
artifacts/blender-pixel-crew,D:\Developer\MiniGames\Dark Nights\unity-projects\artifacts\blender-pixel-crew,9803271,3188,73012,9,704,0,0,archive_then_clean,含诊断、截图、日志、测试存档或临时源码；先归档必要证据和唯一源文件,0,artifacts,False
artifacts/c-refactor,D:\Developer\MiniGames\Dark Nights\unity-projects\artifacts\c-refactor,2119501,41,2119501,41,0,0,0,archive_then_clean,含诊断、截图、日志、测试存档或临时源码；先归档必要证据和唯一源文件,0,artifacts,False
artifacts/command-generator-output,D:\Developer\MiniGames\Dark Nights\unity-projects\artifacts\command-generator-output,0,0,0,0,0,0,0,archive_then_clean,含诊断、截图、日志、测试存档或临时源码；先归档必要证据和唯一源文件,0,artifacts,False
artifacts/effect-staging,D:\Developer\MiniGames\Dark Nights\unity-projects\artifacts\effect-staging,86561,1,86561,1,0,0,0,archive_then_clean,含诊断、截图、日志、测试存档或临时源码；先归档必要证据和唯一源文件,0,artifacts,False
artifacts/godot-rng-probe,D:\Developer\MiniGames\Dark Nights\unity-projects\artifacts\godot-rng-probe,66696,3,66696,3,0,0,0,archive_then_clean,含诊断、截图、日志、测试存档或临时源码；先归档必要证据和唯一源文件,0,artifacts,False
artifacts/lan-sample,D:\Developer\MiniGames\Dark Nights\unity-projects\artifacts\lan-sample,2026790569,5275,255363145,22,78,0,0,archive_then_clean,含诊断、截图、日志、测试存档或临时源码；先归档必要证据和唯一源文件,0,artifacts,False
artifacts/lan-sample/player,D:\Developer\MiniGames\Dark Nights\unity-projects\artifacts\lan-sample\player,195394895,409,89541552,7,25,0,0,archive_then_clean,含诊断、截图、日志、测试存档或临时源码；先归档必要证据和唯一源文件,0,artifacts/lan-sample,False
artifacts/lan-sample/player-il2cpp,D:\Developer\MiniGames\Dark Nights\unity-projects\artifacts\lan-sample\player-il2cpp,1222156809,722,85430624,8,16,0,0,archive_then_clean,历史构建；确认无后续对照需求并保留输入、文件清单和报告后可清理,0,artifacts/lan-sample,False
artifacts/lan-sample/player-il2cpp/DNights_BurstDebugInformation_DoNotShip,D:\Developer\MiniGames\Dark Nights\unity-projects\artifacts\lan-sample\player-il2cpp\DNights_BurstDebugInformation_DoNotShip,211062,1,0,0,3,0,0,archive_then_clean,含诊断、截图、日志、测试存档或临时源码；先归档必要证据和唯一源文件,0,artifacts/lan-sample/player-il2cpp,False
artifacts/lan-sample/player-il2cpp/LanCoop_BackUpThisFolder_ButDontShipItWithYourGame,D:\Developer\MiniGames\Dark Nights\unity-projects\artifacts\lan-sample\player-il2cpp\LanCoop_BackUpThisFolder_ButDontShipItWithYourGame,1108620596,690,457232384,1,3,0,0,archive_then_clean,含诊断、截图、日志、测试存档或临时源码；先归档必要证据和唯一源文件,0,artifacts/lan-sample/player-il2cpp,False
artifacts/lan-sample/player/DNights_BurstDebugInformation_DoNotShip,D:\Developer\MiniGames\Dark Nights\unity-projects\artifacts\lan-sample\player\DNights_BurstDebugInformation_DoNotShip,245248,1,0,0,3,0,0,archive_then_clean,含诊断、截图、日志、测试存档或临时源码；先归档必要证据和唯一源文件,0,artifacts/lan-sample/player,False
artifacts/legacy-command-generator-output,D:\Developer\MiniGames\Dark Nights\unity-projects\artifacts\legacy-command-generator-output,437,1,437,1,0,0,0,archive_then_clean,含诊断、截图、日志、测试存档或临时源码；先归档必要证据和唯一源文件,0,artifacts,False
artifacts/m5-results,D:\Developer\MiniGames\Dark Nights\unity-projects\artifacts\m5-results,216945595,436,17939322,28,26,0,0,contains_denied,含已拒绝子项，不能整体删除；非受限子项另按条件列账,0,artifacts,False
artifacts/m5-results/player-mono,D:\Developer\MiniGames\Dark Nights\unity-projects\artifacts\m5-results\player-mono,199006273,408,89541552,7,25,0,0,contains_denied,含已拒绝子项，不能整体删除；非受限子项另按条件列账,0,artifacts/m5-results,False
artifacts/m5-results/player-mono/DNights_BurstDebugInformation_DoNotShip,D:\Developer\MiniGames\Dark Nights\unity-projects\artifacts\m5-results\player-mono\DNights_BurstDebugInformation_DoNotShip,245875,1,0,0,3,0,0,policy_denied,自动审批已拒绝；不重试、不经父目录或其他工具绕过,0,artifacts/m5-results/player-mono,False
artifacts/m5-ui,D:\Developer\MiniGames\Dark Nights\unity-projects\artifacts\m5-ui,375442779,544,176436519,136,26,0,0,contains_denied,含已拒绝子项，不能整体删除；非受限子项另按条件列账,0,artifacts,False
artifacts/m5-ui/player-mono,D:\Developer\MiniGames\Dark Nights\unity-projects\artifacts\m5-ui\player-mono,199006260,408,89541552,7,25,0,0,contains_denied,含已拒绝子项，不能整体删除；非受限子项另按条件列账,0,artifacts/m5-ui,False
artifacts/m5-ui/player-mono/DNights_BurstDebugInformation_DoNotShip,D:\Developer\MiniGames\Dark Nights\unity-projects\artifacts\m5-ui\player-mono\DNights_BurstDebugInformation_DoNotShip,245875,1,0,0,3,0,0,policy_denied,自动审批已拒绝；不重试、不经父目录或其他工具绕过,0,artifacts/m5-ui/player-mono,False
artifacts/m5-world,D:\Developer\MiniGames\Dark Nights\unity-projects\artifacts\m5-world,239844077,559,21329540,33,37,0,0,contains_denied,含已拒绝子项，不能整体删除；非受限子项另按条件列账,0,artifacts,False
artifacts/m5-world/player-editor-comparison,D:\Developer\MiniGames\Dark Nights\unity-projects\artifacts\m5-world\player-editor-comparison,865288,13,865288,13,0,0,0,archive_then_clean,历史构建；确认无后续对照需求并保留输入、文件清单和报告后可清理,0,artifacts/m5-world,False
artifacts/m5-world/player-mono,D:\Developer\MiniGames\Dark Nights\unity-projects\artifacts\m5-world\player-mono,198999138,408,89541552,7,25,0,0,retain_acceptance,保留当前验收 Player 或协议 7 性能对照；内含拒绝清理的调试目录,0,artifacts/m5-world,False
artifacts/m5-world/player-mono/DNights_BurstDebugInformation_DoNotShip,D:\Developer\MiniGames\Dark Nights\unity-projects\artifacts\m5-world\player-mono\DNights_BurstDebugInformation_DoNotShip,245875,1,0,0,3,0,0,policy_denied,自动审批已拒绝；不重试、不经父目录或其他工具绕过,0,artifacts/m5-world/player-mono,False
artifacts/m5-world/player-parity-20260914-052236-126,D:\Developer\MiniGames\Dark Nights\unity-projects\artifacts\m5-world\player-parity-20260914-052236-126,2205142,23,2192552,21,2,0,0,archive_then_clean,历史构建；确认无后续对照需求并保留输入、文件清单和报告后可清理,0,artifacts/m5-world,False
artifacts/m5-world/player-parity-20260914-052236-126/saves,D:\Developer\MiniGames\Dark Nights\unity-projects\artifacts\m5-world\player-parity-20260914-052236-126\saves,12590,2,0,0,1,0,0,archive_then_clean,含诊断、截图、日志、测试存档或临时源码；先归档必要证据和唯一源文件,0,artifacts/m5-world/player-parity-20260914-052236-126,False
artifacts/migration,D:\Developer\MiniGames\Dark Nights\unity-projects\artifacts\migration,3413539515,4203,49462791,40,505,0,0,contains_denied,含已拒绝子项，不能整体删除；非受限子项另按条件列账,0,artifacts,False
artifacts/migration/active-load-20260912-162032-768/saves,D:\Developer\MiniGames\Dark Nights\unity-projects\artifacts\migration\active-load-20260912-162032-768\saves,12598,2,12598,2,0,0,0,archive_then_clean,含诊断、截图、日志、测试存档或临时源码；先归档必要证据和唯一源文件,0,artifacts/migration,False
artifacts/migration/active-load-20260912-171905-714/saves,D:\Developer\MiniGames\Dark Nights\unity-projects\artifacts\migration\active-load-20260912-171905-714\saves,12596,2,12596,2,0,0,0,archive_then_clean,含诊断、截图、日志、测试存档或临时源码；先归档必要证据和唯一源文件,0,artifacts/migration,False
artifacts/migration/active-load-20260913-145817-184/saves,D:\Developer\MiniGames\Dark Nights\unity-projects\artifacts\migration\active-load-20260913-145817-184\saves,17774,2,0,0,1,0,0,archive_then_clean,含诊断、截图、日志、测试存档或临时源码；先归档必要证据和唯一源文件,0,artifacts/migration,False
artifacts/migration/active-load-20260913-183933-775/saves,D:\Developer\MiniGames\Dark Nights\unity-projects\artifacts\migration\active-load-20260913-183933-775\saves,17774,2,0,0,1,0,0,archive_then_clean,含诊断、截图、日志、测试存档或临时源码；先归档必要证据和唯一源文件,0,artifacts/migration,False
artifacts/migration/active-load-20260913-204411-171/saves,D:\Developer\MiniGames\Dark Nights\unity-projects\artifacts\migration\active-load-20260913-204411-171\saves,17772,2,0,0,1,0,0,archive_then_clean,含诊断、截图、日志、测试存档或临时源码；先归档必要证据和唯一源文件,0,artifacts/migration,False
artifacts/migration/active-load-20260913-220308-481/saves,D:\Developer\MiniGames\Dark Nights\unity-projects\artifacts\migration\active-load-20260913-220308-481\saves,17772,2,0,0,1,0,0,archive_then_clean,含诊断、截图、日志、测试存档或临时源码；先归档必要证据和唯一源文件,0,artifacts/migration,False
artifacts/migration/delivery-driver-20260912-035659-436/nonzero-exit/artifacts/migration/player-mono,D:\Developer\MiniGames\Dark Nights\unity-projects\artifacts\migration\delivery-driver-20260912-035659-436\nonzero-exit\artifacts\migration\player-mono,22,1,0,0,2,0,0,archive_then_clean,历史构建；确认无后续对照需求并保留输入、文件清单和报告后可清理,0,artifacts/migration,False
artifacts/migration/delivery-driver-20260912-040012-121/artifact-change/artifacts/migration/player-mono,D:\Developer\MiniGames\Dark Nights\unity-projects\artifacts\migration\delivery-driver-20260912-040012-121\artifact-change\artifacts\migration\player-mono,17,1,0,0,2,0,0,archive_then_clean,历史构建；确认无后续对照需求并保留输入、文件清单和报告后可清理,0,artifacts/migration,False
artifacts/migration/delivery-driver-20260912-040012-121/nonzero-exit/artifacts/migration/player-mono,D:\Developer\MiniGames\Dark Nights\unity-projects\artifacts\migration\delivery-driver-20260912-040012-121\nonzero-exit\artifacts\migration\player-mono,22,1,0,0,2,0,0,archive_then_clean,历史构建；确认无后续对照需求并保留输入、文件清单和报告后可清理,0,artifacts/migration,False
artifacts/migration/delivery-driver-20260912-040012-121/resume/artifacts/migration/player-mono,D:\Developer\MiniGames\Dark Nights\unity-projects\artifacts\migration\delivery-driver-20260912-040012-121\resume\artifacts\migration\player-mono,22,1,0,0,2,0,0,archive_then_clean,历史构建；确认无后续对照需求并保留输入、文件清单和报告后可清理,0,artifacts/migration,False
artifacts/migration/delivery-driver-20260913-174100-973/artifact-change/artifacts/migration/player-mono,D:\Developer\MiniGames\Dark Nights\unity-projects\artifacts\migration\delivery-driver-20260913-174100-973\artifact-change\artifacts\migration\player-mono,17,1,0,0,2,0,0,archive_then_clean,历史构建；确认无后续对照需求并保留输入、文件清单和报告后可清理,0,artifacts/migration,False
artifacts/migration/delivery-driver-20260913-174100-973/nonzero-exit/artifacts/migration/player-mono,D:\Developer\MiniGames\Dark Nights\unity-projects\artifacts\migration\delivery-driver-20260913-174100-973\nonzero-exit\artifacts\migration\player-mono,22,1,0,0,2,0,0,archive_then_clean,历史构建；确认无后续对照需求并保留输入、文件清单和报告后可清理,0,artifacts/migration,False
artifacts/migration/delivery-driver-20260913-174100-973/resume/artifacts/migration/player-mono,D:\Developer\MiniGames\Dark Nights\unity-projects\artifacts\migration\delivery-driver-20260913-174100-973\resume\artifacts\migration\player-mono,22,1,0,0,2,0,0,archive_then_clean,历史构建；确认无后续对照需求并保留输入、文件清单和报告后可清理,0,artifacts/migration,False
artifacts/migration/player-il2cpp,D:\Developer\MiniGames\Dark Nights\unity-projects\artifacts\migration\player-il2cpp,1445907495,833,95591264,8,20,0,0,archive_then_clean,历史构建；确认无后续对照需求并保留输入、文件清单和报告后可清理,0,artifacts/migration,False
artifacts/migration/player-il2cpp/DarkNights_BackUpThisFolder_ButDontShipItWithYourGame,D:\Developer\MiniGames\Dark Nights\unity-projects\artifacts\migration\player-il2cpp\DarkNights_BackUpThisFolder_ButDontShipItWithYourGame,1319627889,793,546983936,1,3,0,0,archive_then_clean,含诊断、截图、日志、测试存档或临时源码；先归档必要证据和唯一源文件,0,artifacts/migration/player-il2cpp,False
artifacts/migration/player-il2cpp/DNights_BurstDebugInformation_DoNotShip,D:\Developer\MiniGames\Dark Nights\unity-projects\artifacts\migration\player-il2cpp\DNights_BurstDebugInformation_DoNotShip,211062,1,0,0,3,0,0,archive_then_clean,含诊断、截图、日志、测试存档或临时源码；先归档必要证据和唯一源文件,0,artifacts/migration/player-il2cpp,False
artifacts/migration/player-mono,D:\Developer\MiniGames\Dark Nights\unity-projects\artifacts\migration\player-mono,200717836,414,89541552,7,25,0,0,contains_denied,含已拒绝子项，不能整体删除；非受限子项另按条件列账,0,artifacts/migration,False
artifacts/migration/player-mono-before-m5-20260912-041810,D:\Developer\MiniGames\Dark Nights\unity-projects\artifacts\migration\player-mono-before-m5-20260912-041810,198926567,412,89541552,7,25,0,0,archive_then_clean,历史构建；确认无后续对照需求并保留输入、文件清单和报告后可清理,0,artifacts/migration,False
artifacts/migration/player-mono-before-m5-20260912-041810/DNights_BurstDebugInformation_DoNotShip,D:\Developer\MiniGames\Dark Nights\unity-projects\artifacts\migration\player-mono-before-m5-20260912-041810\DNights_BurstDebugInformation_DoNotShip,245248,1,0,0,3,0,0,archive_then_clean,含诊断、截图、日志、测试存档或临时源码；先归档必要证据和唯一源文件,0,artifacts/migration/player-mono-before-m5-20260912-041810,False
artifacts/migration/player-mono/DNights_BurstDebugInformation_DoNotShip,D:\Developer\MiniGames\Dark Nights\unity-projects\artifacts\migration\player-mono\DNights_BurstDebugInformation_DoNotShip,245248,1,0,0,3,0,0,policy_denied,自动审批已拒绝；不重试、不经父目录或其他工具绕过,0,artifacts/migration/player-mono,False
artifacts/migration/recovery-20260912-023114-388/saves,D:\Developer\MiniGames\Dark Nights\unity-projects\artifacts\migration\recovery-20260912-023114-388\saves,3887,1,3887,1,0,0,0,archive_then_clean,含诊断、截图、日志、测试存档或临时源码；先归档必要证据和唯一源文件,0,artifacts/migration,False
artifacts/migration/recovery-20260912-023302-336/saves,D:\Developer\MiniGames\Dark Nights\unity-projects\artifacts\migration\recovery-20260912-023302-336\saves,3889,2,3889,2,0,0,0,archive_then_clean,含诊断、截图、日志、测试存档或临时源码；先归档必要证据和唯一源文件,0,artifacts/migration,False
artifacts/migration/recovery-20260912-023506-431/saves,D:\Developer\MiniGames\Dark Nights\unity-projects\artifacts\migration\recovery-20260912-023506-431\saves,3880,2,3880,2,0,0,0,archive_then_clean,含诊断、截图、日志、测试存档或临时源码；先归档必要证据和唯一源文件,0,artifacts/migration,False
artifacts/migration/recovery-20260912-023624-833/saves,D:\Developer\MiniGames\Dark Nights\unity-projects\artifacts\migration\recovery-20260912-023624-833\saves,3889,2,3889,2,0,0,0,archive_then_clean,含诊断、截图、日志、测试存档或临时源码；先归档必要证据和唯一源文件,0,artifacts/migration,False
artifacts/migration/recovery-20260912-025350-672/saves,D:\Developer\MiniGames\Dark Nights\unity-projects\artifacts\migration\recovery-20260912-025350-672\saves,3889,2,3889,2,0,0,0,archive_then_clean,含诊断、截图、日志、测试存档或临时源码；先归档必要证据和唯一源文件,0,artifacts/migration,False
artifacts/migration/recovery-20260912-025412-158/saves,D:\Developer\MiniGames\Dark Nights\unity-projects\artifacts\migration\recovery-20260912-025412-158\saves,3889,2,3889,2,0,0,0,archive_then_clean,含诊断、截图、日志、测试存档或临时源码；先归档必要证据和唯一源文件,0,artifacts/migration,False
artifacts/migration/recovery-20260912-025433-313/saves,D:\Developer\MiniGames\Dark Nights\unity-projects\artifacts\migration\recovery-20260912-025433-313\saves,3889,2,3889,2,0,0,0,archive_then_clean,含诊断、截图、日志、测试存档或临时源码；先归档必要证据和唯一源文件,0,artifacts/migration,False
artifacts/migration/recovery-20260912-025454-865/saves,D:\Developer\MiniGames\Dark Nights\unity-projects\artifacts\migration\recovery-20260912-025454-865\saves,3889,2,3889,2,0,0,0,archive_then_clean,含诊断、截图、日志、测试存档或临时源码；先归档必要证据和唯一源文件,0,artifacts/migration,False
artifacts/migration/recovery-20260912-025518-086/saves,D:\Developer\MiniGames\Dark Nights\unity-projects\artifacts\migration\recovery-20260912-025518-086\saves,3889,2,3889,2,0,0,0,archive_then_clean,含诊断、截图、日志、测试存档或临时源码；先归档必要证据和唯一源文件,0,artifacts/migration,False
artifacts/migration/recovery-20260912-025541-526/saves,D:\Developer\MiniGames\Dark Nights\unity-projects\artifacts\migration\recovery-20260912-025541-526\saves,3889,2,3889,2,0,0,0,archive_then_clean,含诊断、截图、日志、测试存档或临时源码；先归档必要证据和唯一源文件,0,artifacts/migration,False
artifacts/migration/recovery-20260912-030253-690/saves,D:\Developer\MiniGames\Dark Nights\unity-projects\artifacts\migration\recovery-20260912-030253-690\saves,3889,2,3889,2,0,0,0,archive_then_clean,含诊断、截图、日志、测试存档或临时源码；先归档必要证据和唯一源文件,0,artifacts/migration,False
artifacts/migration/recovery-20260912-030314-646/saves,D:\Developer\MiniGames\Dark Nights\unity-projects\artifacts\migration\recovery-20260912-030314-646\saves,3889,2,3889,2,0,0,0,archive_then_clean,含诊断、截图、日志、测试存档或临时源码；先归档必要证据和唯一源文件,0,artifacts/migration,False
artifacts/migration/recovery-20260912-030335-110/saves,D:\Developer\MiniGames\Dark Nights\unity-projects\artifacts\migration\recovery-20260912-030335-110\saves,3880,2,3880,2,0,0,0,archive_then_clean,含诊断、截图、日志、测试存档或临时源码；先归档必要证据和唯一源文件,0,artifacts/migration,False
artifacts/migration/recovery-20260912-030356-329/saves,D:\Developer\MiniGames\Dark Nights\unity-projects\artifacts\migration\recovery-20260912-030356-329\saves,3889,2,3889,2,0,0,0,archive_then_clean,含诊断、截图、日志、测试存档或临时源码；先归档必要证据和唯一源文件,0,artifacts/migration,False
artifacts/migration/recovery-20260912-030419-559/saves,D:\Developer\MiniGames\Dark Nights\unity-projects\artifacts\migration\recovery-20260912-030419-559\saves,3889,2,3889,2,0,0,0,archive_then_clean,含诊断、截图、日志、测试存档或临时源码；先归档必要证据和唯一源文件,0,artifacts/migration,False
artifacts/migration/recovery-20260912-030442-984/saves,D:\Developer\MiniGames\Dark Nights\unity-projects\artifacts\migration\recovery-20260912-030442-984\saves,3889,2,3889,2,0,0,0,archive_then_clean,含诊断、截图、日志、测试存档或临时源码；先归档必要证据和唯一源文件,0,artifacts/migration,False
artifacts/migration/recovery-20260912-030508-928/saves,D:\Developer\MiniGames\Dark Nights\unity-projects\artifacts\migration\recovery-20260912-030508-928\saves,3889,2,3889,2,0,0,0,archive_then_clean,含诊断、截图、日志、测试存档或临时源码；先归档必要证据和唯一源文件,0,artifacts/migration,False
artifacts/migration/recovery-20260912-030535-073/saves,D:\Developer\MiniGames\Dark Nights\unity-projects\artifacts\migration\recovery-20260912-030535-073\saves,3889,2,3889,2,0,0,0,archive_then_clean,含诊断、截图、日志、测试存档或临时源码；先归档必要证据和唯一源文件,0,artifacts/migration,False
artifacts/migration/recovery-20260912-030600-984/saves,D:\Developer\MiniGames\Dark Nights\unity-projects\artifacts\migration\recovery-20260912-030600-984\saves,3889,2,3889,2,0,0,0,archive_then_clean,含诊断、截图、日志、测试存档或临时源码；先归档必要证据和唯一源文件,0,artifacts/migration,False
artifacts/migration/recovery-20260912-162111-346/saves,D:\Developer\MiniGames\Dark Nights\unity-projects\artifacts\migration\recovery-20260912-162111-346\saves,3889,2,3889,2,0,0,0,archive_then_clean,含诊断、截图、日志、测试存档或临时源码；先归档必要证据和唯一源文件,0,artifacts/migration,False
artifacts/migration/recovery-20260912-162131-438/saves,D:\Developer\MiniGames\Dark Nights\unity-projects\artifacts\migration\recovery-20260912-162131-438\saves,3889,2,3889,2,0,0,0,archive_then_clean,含诊断、截图、日志、测试存档或临时源码；先归档必要证据和唯一源文件,0,artifacts/migration,False
artifacts/migration/recovery-20260912-162152-114/saves,D:\Developer\MiniGames\Dark Nights\unity-projects\artifacts\migration\recovery-20260912-162152-114\saves,3889,2,3889,2,0,0,0,archive_then_clean,含诊断、截图、日志、测试存档或临时源码；先归档必要证据和唯一源文件,0,artifacts/migration,False
artifacts/migration/recovery-20260912-162213-890/saves,D:\Developer\MiniGames\Dark Nights\unity-projects\artifacts\migration\recovery-20260912-162213-890\saves,3889,2,3889,2,0,0,0,archive_then_clean,含诊断、截图、日志、测试存档或临时源码；先归档必要证据和唯一源文件,0,artifacts/migration,False
artifacts/migration/recovery-20260912-162236-571/saves,D:\Developer\MiniGames\Dark Nights\unity-projects\artifacts\migration\recovery-20260912-162236-571\saves,3889,2,3889,2,0,0,0,archive_then_clean,含诊断、截图、日志、测试存档或临时源码；先归档必要证据和唯一源文件,0,artifacts/migration,False
artifacts/migration/recovery-20260912-162258-735/saves,D:\Developer\MiniGames\Dark Nights\unity-projects\artifacts\migration\recovery-20260912-162258-735\saves,3889,2,3889,2,0,0,0,archive_then_clean,含诊断、截图、日志、测试存档或临时源码；先归档必要证据和唯一源文件,0,artifacts/migration,False
artifacts/migration/recovery-20260912-162337-900/saves,D:\Developer\MiniGames\Dark Nights\unity-projects\artifacts\migration\recovery-20260912-162337-900\saves,3889,2,3889,2,0,0,0,archive_then_clean,含诊断、截图、日志、测试存档或临时源码；先归档必要证据和唯一源文件,0,artifacts/migration,False
artifacts/migration/recovery-20260912-162402-383/saves,D:\Developer\MiniGames\Dark Nights\unity-projects\artifacts\migration\recovery-20260912-162402-383\saves,3889,2,3889,2,0,0,0,archive_then_clean,含诊断、截图、日志、测试存档或临时源码；先归档必要证据和唯一源文件,0,artifacts/migration,False
artifacts/migration/recovery-20260912-162428-996/saves,D:\Developer\MiniGames\Dark Nights\unity-projects\artifacts\migration\recovery-20260912-162428-996\saves,3889,2,3889,2,0,0,0,archive_then_clean,含诊断、截图、日志、测试存档或临时源码；先归档必要证据和唯一源文件,0,artifacts/migration,False
artifacts/migration/recovery-20260912-171944-682/saves,D:\Developer\MiniGames\Dark Nights\unity-projects\artifacts\migration\recovery-20260912-171944-682\saves,3889,2,3889,2,0,0,0,archive_then_clean,含诊断、截图、日志、测试存档或临时源码；先归档必要证据和唯一源文件,0,artifacts/migration,False
artifacts/migration/recovery-20260912-172004-849/saves,D:\Developer\MiniGames\Dark Nights\unity-projects\artifacts\migration\recovery-20260912-172004-849\saves,3889,2,3889,2,0,0,0,archive_then_clean,含诊断、截图、日志、测试存档或临时源码；先归档必要证据和唯一源文件,0,artifacts/migration,False
artifacts/migration/recovery-20260912-172024-986/saves,D:\Developer\MiniGames\Dark Nights\unity-projects\artifacts\migration\recovery-20260912-172024-986\saves,3889,2,3889,2,0,0,0,archive_then_clean,含诊断、截图、日志、测试存档或临时源码；先归档必要证据和唯一源文件,0,artifacts/migration,False
artifacts/migration/recovery-20260912-172046-415/saves,D:\Developer\MiniGames\Dark Nights\unity-projects\artifacts\migration\recovery-20260912-172046-415\saves,3889,2,3889,2,0,0,0,archive_then_clean,含诊断、截图、日志、测试存档或临时源码；先归档必要证据和唯一源文件,0,artifacts/migration,False
artifacts/migration/recovery-20260912-172109-257/saves,D:\Developer\MiniGames\Dark Nights\unity-projects\artifacts\migration\recovery-20260912-172109-257\saves,3889,2,3889,2,0,0,0,archive_then_clean,含诊断、截图、日志、测试存档或临时源码；先归档必要证据和唯一源文件,0,artifacts/migration,False
artifacts/migration/recovery-20260912-172132-451/saves,D:\Developer\MiniGames\Dark Nights\unity-projects\artifacts\migration\recovery-20260912-172132-451\saves,3889,2,3889,2,0,0,0,archive_then_clean,含诊断、截图、日志、测试存档或临时源码；先归档必要证据和唯一源文件,0,artifacts/migration,False
artifacts/migration/recovery-20260912-172210-626/saves,D:\Developer\MiniGames\Dark Nights\unity-projects\artifacts\migration\recovery-20260912-172210-626\saves,3889,2,3889,2,0,0,0,archive_then_clean,含诊断、截图、日志、测试存档或临时源码；先归档必要证据和唯一源文件,0,artifacts/migration,False
artifacts/migration/recovery-20260912-172235-858/saves,D:\Developer\MiniGames\Dark Nights\unity-projects\artifacts\migration\recovery-20260912-172235-858\saves,3889,2,3889,2,0,0,0,archive_then_clean,含诊断、截图、日志、测试存档或临时源码；先归档必要证据和唯一源文件,0,artifacts/migration,False
artifacts/migration/recovery-20260912-172302-207/saves,D:\Developer\MiniGames\Dark Nights\unity-projects\artifacts\migration\recovery-20260912-172302-207\saves,3889,2,3889,2,0,0,0,archive_then_clean,含诊断、截图、日志、测试存档或临时源码；先归档必要证据和唯一源文件,0,artifacts/migration,False
artifacts/migration/recovery-20260913-145855-309/saves,D:\Developer\MiniGames\Dark Nights\unity-projects\artifacts\migration\recovery-20260913-145855-309\saves,11802,2,0,0,1,0,0,archive_then_clean,含诊断、截图、日志、测试存档或临时源码；先归档必要证据和唯一源文件,0,artifacts/migration,False
artifacts/migration/recovery-20260913-184012-557/saves,D:\Developer\MiniGames\Dark Nights\unity-projects\artifacts\migration\recovery-20260913-184012-557\saves,11802,2,0,0,1,0,0,archive_then_clean,含诊断、截图、日志、测试存档或临时源码；先归档必要证据和唯一源文件,0,artifacts/migration,False
artifacts/migration/recovery-20260913-184055-233/saves,D:\Developer\MiniGames\Dark Nights\unity-projects\artifacts\migration\recovery-20260913-184055-233\saves,11802,2,0,0,1,0,0,archive_then_clean,含诊断、截图、日志、测试存档或临时源码；先归档必要证据和唯一源文件,0,artifacts/migration,False
artifacts/migration/recovery-20260913-184116-566/saves,D:\Developer\MiniGames\Dark Nights\unity-projects\artifacts\migration\recovery-20260913-184116-566\saves,11802,2,0,0,1,0,0,archive_then_clean,含诊断、截图、日志、测试存档或临时源码；先归档必要证据和唯一源文件,0,artifacts/migration,False
artifacts/migration/recovery-20260913-184137-888/saves,D:\Developer\MiniGames\Dark Nights\unity-projects\artifacts\migration\recovery-20260913-184137-888\saves,11802,2,0,0,1,0,0,archive_then_clean,含诊断、截图、日志、测试存档或临时源码；先归档必要证据和唯一源文件,0,artifacts/migration,False
artifacts/migration/recovery-20260913-184200-144/saves,D:\Developer\MiniGames\Dark Nights\unity-projects\artifacts\migration\recovery-20260913-184200-144\saves,11802,2,0,0,1,0,0,archive_then_clean,含诊断、截图、日志、测试存档或临时源码；先归档必要证据和唯一源文件,0,artifacts/migration,False
artifacts/migration/recovery-20260913-184223-692/saves,D:\Developer\MiniGames\Dark Nights\unity-projects\artifacts\migration\recovery-20260913-184223-692\saves,11802,2,0,0,1,0,0,archive_then_clean,含诊断、截图、日志、测试存档或临时源码；先归档必要证据和唯一源文件,0,artifacts/migration,False
artifacts/migration/recovery-20260913-184248-235/saves,D:\Developer\MiniGames\Dark Nights\unity-projects\artifacts\migration\recovery-20260913-184248-235\saves,11802,2,0,0,1,0,0,archive_then_clean,含诊断、截图、日志、测试存档或临时源码；先归档必要证据和唯一源文件,0,artifacts/migration,False
artifacts/migration/recovery-20260913-184329-169/saves,D:\Developer\MiniGames\Dark Nights\unity-projects\artifacts\migration\recovery-20260913-184329-169\saves,11802,2,0,0,1,0,0,archive_then_clean,含诊断、截图、日志、测试存档或临时源码；先归档必要证据和唯一源文件,0,artifacts/migration,False
artifacts/migration/recovery-20260913-184355-700/saves,D:\Developer\MiniGames\Dark Nights\unity-projects\artifacts\migration\recovery-20260913-184355-700\saves,11802,2,0,0,1,0,0,archive_then_clean,含诊断、截图、日志、测试存档或临时源码；先归档必要证据和唯一源文件,0,artifacts/migration,False
artifacts/migration/recovery-20260913-184422-555/saves,D:\Developer\MiniGames\Dark Nights\unity-projects\artifacts\migration\recovery-20260913-184422-555\saves,11802,2,0,0,1,0,0,archive_then_clean,含诊断、截图、日志、测试存档或临时源码；先归档必要证据和唯一源文件,0,artifacts/migration,False
artifacts/migration/recovery-20260913-204450-354/saves,D:\Developer\MiniGames\Dark Nights\unity-projects\artifacts\migration\recovery-20260913-204450-354\saves,11530,2,0,0,1,0,0,archive_then_clean,含诊断、截图、日志、测试存档或临时源码；先归档必要证据和唯一源文件,0,artifacts/migration,False
artifacts/migration/recovery-20260913-204534-200/saves,D:\Developer\MiniGames\Dark Nights\unity-projects\artifacts\migration\recovery-20260913-204534-200\saves,11530,2,0,0,1,0,0,archive_then_clean,含诊断、截图、日志、测试存档或临时源码；先归档必要证据和唯一源文件,0,artifacts/migration,False
artifacts/migration/recovery-20260913-204555-378/saves,D:\Developer\MiniGames\Dark Nights\unity-projects\artifacts\migration\recovery-20260913-204555-378\saves,11802,2,0,0,1,0,0,archive_then_clean,含诊断、截图、日志、测试存档或临时源码；先归档必要证据和唯一源文件,0,artifacts/migration,False
artifacts/migration/recovery-20260913-204617-427/saves,D:\Developer\MiniGames\Dark Nights\unity-projects\artifacts\migration\recovery-20260913-204617-427\saves,11802,2,0,0,1,0,0,archive_then_clean,含诊断、截图、日志、测试存档或临时源码；先归档必要证据和唯一源文件,0,artifacts/migration,False
artifacts/migration/recovery-20260913-204641-924/saves,D:\Developer\MiniGames\Dark Nights\unity-projects\artifacts\migration\recovery-20260913-204641-924\saves,11532,2,0,0,1,0,0,archive_then_clean,含诊断、截图、日志、测试存档或临时源码；先归档必要证据和唯一源文件,0,artifacts/migration,False
artifacts/migration/recovery-20260913-204707-736/saves,D:\Developer\MiniGames\Dark Nights\unity-projects\artifacts\migration\recovery-20260913-204707-736\saves,11530,2,0,0,1,0,0,archive_then_clean,含诊断、截图、日志、测试存档或临时源码；先归档必要证据和唯一源文件,0,artifacts/migration,False
artifacts/migration/recovery-20260913-204732-430/saves,D:\Developer\MiniGames\Dark Nights\unity-projects\artifacts\migration\recovery-20260913-204732-430\saves,11800,2,0,0,1,0,0,archive_then_clean,含诊断、截图、日志、测试存档或临时源码；先归档必要证据和唯一源文件,0,artifacts/migration,False
artifacts/migration/recovery-20260913-204759-205/saves,D:\Developer\MiniGames\Dark Nights\unity-projects\artifacts\migration\recovery-20260913-204759-205\saves,11800,2,0,0,1,0,0,archive_then_clean,含诊断、截图、日志、测试存档或临时源码；先归档必要证据和唯一源文件,0,artifacts/migration,False
artifacts/migration/recovery-20260913-204825-850/saves,D:\Developer\MiniGames\Dark Nights\unity-projects\artifacts\migration\recovery-20260913-204825-850\saves,11530,2,0,0,1,0,0,archive_then_clean,含诊断、截图、日志、测试存档或临时源码；先归档必要证据和唯一源文件,0,artifacts/migration,False
artifacts/migration/recovery-20260913-204854-345/saves,D:\Developer\MiniGames\Dark Nights\unity-projects\artifacts\migration\recovery-20260913-204854-345\saves,11530,2,0,0,1,0,0,archive_then_clean,含诊断、截图、日志、测试存档或临时源码；先归档必要证据和唯一源文件,0,artifacts/migration,False
artifacts/migration/recovery-20260913-220347-544/saves,D:\Developer\MiniGames\Dark Nights\unity-projects\artifacts\migration\recovery-20260913-220347-544\saves,11796,2,0,0,1,0,0,archive_then_clean,含诊断、截图、日志、测试存档或临时源码；先归档必要证据和唯一源文件,0,artifacts/migration,False
artifacts/migration/recovery-20260913-220431-418/saves,D:\Developer\MiniGames\Dark Nights\unity-projects\artifacts\migration\recovery-20260913-220431-418\saves,11530,2,0,0,1,0,0,archive_then_clean,含诊断、截图、日志、测试存档或临时源码；先归档必要证据和唯一源文件,0,artifacts/migration,False
artifacts/migration/recovery-20260913-220453-795/saves,D:\Developer\MiniGames\Dark Nights\unity-projects\artifacts\migration\recovery-20260913-220453-795\saves,11800,2,0,0,1,0,0,archive_then_clean,含诊断、截图、日志、测试存档或临时源码；先归档必要证据和唯一源文件,0,artifacts/migration,False
artifacts/migration/recovery-20260913-220515-875/saves,D:\Developer\MiniGames\Dark Nights\unity-projects\artifacts\migration\recovery-20260913-220515-875\saves,11800,2,0,0,1,0,0,archive_then_clean,含诊断、截图、日志、测试存档或临时源码；先归档必要证据和唯一源文件,0,artifacts/migration,False
artifacts/migration/recovery-20260913-220552-711/saves,D:\Developer\MiniGames\Dark Nights\unity-projects\artifacts\migration\recovery-20260913-220552-711\saves,11530,2,0,0,1,0,0,archive_then_clean,含诊断、截图、日志、测试存档或临时源码；先归档必要证据和唯一源文件,0,artifacts/migration,False
artifacts/migration/recovery-20260913-220616-908/saves,D:\Developer\MiniGames\Dark Nights\unity-projects\artifacts\migration\recovery-20260913-220616-908\saves,11798,2,0,0,1,0,0,archive_then_clean,含诊断、截图、日志、测试存档或临时源码；先归档必要证据和唯一源文件,0,artifacts/migration,False
artifacts/migration/recovery-20260913-220642-735/saves,D:\Developer\MiniGames\Dark Nights\unity-projects\artifacts\migration\recovery-20260913-220642-735\saves,11530,2,0,0,1,0,0,archive_then_clean,含诊断、截图、日志、测试存档或临时源码；先归档必要证据和唯一源文件,0,artifacts/migration,False
artifacts/migration/recovery-20260913-220722-823/saves,D:\Developer\MiniGames\Dark Nights\unity-projects\artifacts\migration\recovery-20260913-220722-823\saves,11800,2,0,0,1,0,0,archive_then_clean,含诊断、截图、日志、测试存档或临时源码；先归档必要证据和唯一源文件,0,artifacts/migration,False
artifacts/migration/recovery-20260913-220749-697/saves,D:\Developer\MiniGames\Dark Nights\unity-projects\artifacts\migration\recovery-20260913-220749-697\saves,11530,2,0,0,1,0,0,archive_then_clean,含诊断、截图、日志、测试存档或临时源码；先归档必要证据和唯一源文件,0,artifacts/migration,False
artifacts/migration/recovery-20260913-220816-461/saves,D:\Developer\MiniGames\Dark Nights\unity-projects\artifacts\migration\recovery-20260913-220816-461\saves,11530,2,0,0,1,0,0,archive_then_clean,含诊断、截图、日志、测试存档或临时源码；先归档必要证据和唯一源文件,0,artifacts/migration,False
artifacts/migration/result-ui-20260914-023018-527/saves,D:\Developer\MiniGames\Dark Nights\unity-projects\artifacts\migration\result-ui-20260914-023018-527\saves,17742,3,0,0,1,0,0,archive_then_clean,含诊断、截图、日志、测试存档或临时源码；先归档必要证据和唯一源文件,0,artifacts/migration,False
artifacts/migration/result-ui-20260914-025022-726/saves,D:\Developer\MiniGames\Dark Nights\unity-projects\artifacts\migration\result-ui-20260914-025022-726\saves,17677,3,0,0,1,0,0,archive_then_clean,含诊断、截图、日志、测试存档或临时源码；先归档必要证据和唯一源文件,0,artifacts/migration,False
artifacts/migration/result-ui-20260914-031908-776/saves,D:\Developer\MiniGames\Dark Nights\unity-projects\artifacts\migration\result-ui-20260914-031908-776\saves,17450,3,0,0,1,0,0,archive_then_clean,含诊断、截图、日志、测试存档或临时源码；先归档必要证据和唯一源文件,0,artifacts/migration,False
artifacts/migration/result-ui-20260914-032139-601/saves,D:\Developer\MiniGames\Dark Nights\unity-projects\artifacts\migration\result-ui-20260914-032139-601\saves,17450,3,0,0,1,0,0,archive_then_clean,含诊断、截图、日志、测试存档或临时源码；先归档必要证据和唯一源文件,0,artifacts/migration,False
artifacts/scene-definitions,D:\Developer\MiniGames\Dark Nights\unity-projects\artifacts\scene-definitions,1876,3,1876,3,0,0,0,archive_then_clean,含诊断、截图、日志、测试存档或临时源码；先归档必要证据和唯一源文件,0,artifacts,False
artifacts/ui-reference,D:\Developer\MiniGames\Dark Nights\unity-projects\artifacts\ui-reference,323725,51,252519,7,15,0,0,archive_then_clean,含诊断、截图、日志、测试存档或临时源码；先归档必要证据和唯一源文件,0,artifacts,False
artifacts/unity-mcp,D:\Developer\MiniGames\Dark Nights\unity-projects\artifacts\unity-mcp,8342875,19,8322891,17,5,0,0,archive_then_clean,含诊断、截图、日志、测试存档或临时源码；先归档必要证据和唯一源文件,0,artifacts,False
artifacts/upm-network-probe,D:\Developer\MiniGames\Dark Nights\unity-projects\artifacts\upm-network-probe,427056,23,0,0,9,0,0,archive_then_clean,含诊断、截图、日志、测试存档或临时源码；先归档必要证据和唯一源文件,0,artifacts,False
artifacts/workshop-change,D:\Developer\MiniGames\Dark Nights\unity-projects\artifacts\workshop-change,639190,26,484445,12,9,0,0,archive_then_clean,含诊断、截图、日志、测试存档或临时源码；先归档必要证据和唯一源文件,0,artifacts,False
artifacts/workshop-dependency-516f76c,D:\Developer\MiniGames\Dark Nights\unity-projects\artifacts\workshop-dependency-516f76c,20473035,5837,0,0,414,0,0,archive_then_clean,含诊断、截图、日志、测试存档或临时源码；先归档必要证据和唯一源文件,0,artifacts,False
artifacts/workshop-dependency-516f76c/.deps/YYGC/.git/logs,D:\Developer\MiniGames\Dark Nights\unity-projects\artifacts\workshop-dependency-516f76c\.deps\YYGC\.git\logs,671,3,357,1,4,0,0,retain_source,Git 对象／工作树登记属于恢复来源；不作为普通缓存清理,0,artifacts/workshop-dependency-516f76c,False
artifacts/yygc-unified,D:\Developer\MiniGames\Dark Nights\unity-projects\artifacts\yygc-unified,4138890489,66581,0,0,4947,0,0,contains_denied,含已拒绝子项，不能整体删除；非受限子项另按条件列账,0,artifacts,False
artifacts/yygc-unified/u2/player-20260913-111740-018,D:\Developer\MiniGames\Dark Nights\unity-projects\artifacts\yygc-unified\u2\player-20260913-111740-018,1572343,12,1563850,10,2,0,0,archive_then_clean,历史构建；确认无后续对照需求并保留输入、文件清单和报告后可清理,0,artifacts/yygc-unified,False
artifacts/yygc-unified/u2/player-20260913-111740-018/saves,D:\Developer\MiniGames\Dark Nights\unity-projects\artifacts\yygc-unified\u2\player-20260913-111740-018\saves,8493,2,0,0,1,0,0,archive_then_clean,含诊断、截图、日志、测试存档或临时源码；先归档必要证据和唯一源文件,0,artifacts/yygc-unified/u2/player-20260913-111740-018,False
artifacts/yygc-unified/u2/player-20260913-112038-927,D:\Developer\MiniGames\Dark Nights\unity-projects\artifacts\yygc-unified\u2\player-20260913-112038-927,1609323,15,1600836,13,2,0,0,archive_then_clean,历史构建；确认无后续对照需求并保留输入、文件清单和报告后可清理,0,artifacts/yygc-unified,False
artifacts/yygc-unified/u2/player-20260913-112038-927/saves,D:\Developer\MiniGames\Dark Nights\unity-projects\artifacts\yygc-unified\u2\player-20260913-112038-927\saves,8487,2,0,0,1,0,0,archive_then_clean,含诊断、截图、日志、测试存档或临时源码；先归档必要证据和唯一源文件,0,artifacts/yygc-unified/u2/player-20260913-112038-927,False
artifacts/yygc-unified/u6/locked-archives,D:\Developer\MiniGames\Dark Nights\unity-projects\artifacts\yygc-unified\u6\locked-archives,39198465,3060,8960958,7,431,0,0,policy_denied,自动审批已拒绝；不重试、不经父目录或其他工具绕过,0,artifacts/yygc-unified,False
artifacts/yygc-unified/u6/locked-archives/com.cysharp.memorypack-0f2fe0827907940768293b7bb81b9605a7d8cba8/Cysharp-MemoryPack-0f2fe08/src/MemoryPack/bin,D:\Developer\MiniGames\Dark Nights\unity-projects\artifacts\yygc-unified\u6\locked-archives\com.cysharp.memorypack-0f2fe0827907940768293b7bb81b9605a7d8cba8\Cysharp-MemoryPack-0f2fe08\src\MemoryPack\bin,1894,3,0,0,2,0,0,inside_denied,属于已拒绝目录的子产物；只列细项，不单独删除,0,artifacts/yygc-unified/u6/locked-archives,False
artifacts/yygc-unified/u6/locked-archives/com.cysharp.r3-f6eed2dd4208dc4ae171c601e799e85f82aca25e/Cysharp-R3-f6eed2d/src/R3/bin,D:\Developer\MiniGames\Dark Nights\unity-projects\artifacts\yygc-unified\u6\locked-archives\com.cysharp.r3-f6eed2dd4208dc4ae171c601e799e85f82aca25e\Cysharp-R3-f6eed2d\src\R3\bin,550,2,0,0,2,0,0,inside_denied,属于已拒绝目录的子产物；只列细项，不单独删除,0,artifacts/yygc-unified/u6/locked-archives,False
artifacts/yygc-unified/u6/locked-archives/com.cysharp.zlinq-b84f0f936476e5debdbe7b76b73180ef9e490ed4/Cysharp-ZLinq-b84f0f9/src/ZLinq.DropInGenerator/bin,D:\Developer\MiniGames\Dark Nights\unity-projects\artifacts\yygc-unified\u6\locked-archives\com.cysharp.zlinq-b84f0f936476e5debdbe7b76b73180ef9e490ed4\Cysharp-ZLinq-b84f0f9\src\ZLinq.DropInGenerator\bin,1924,3,0,0,2,0,0,inside_denied,属于已拒绝目录的子产物；只列细项，不单独删除,0,artifacts/yygc-unified/u6/locked-archives,False
artifacts/yygc-unified/u6/locked-archives/com.cysharp.zlinq-b84f0f936476e5debdbe7b76b73180ef9e490ed4/Cysharp-ZLinq-b84f0f9/src/ZLinq/bin,D:\Developer\MiniGames\Dark Nights\unity-projects\artifacts\yygc-unified\u6\locked-archives\com.cysharp.zlinq-b84f0f936476e5debdbe7b76b73180ef9e490ed4\Cysharp-ZLinq-b84f0f9\src\ZLinq\bin,543,2,0,0,2,0,0,inside_denied,属于已拒绝目录的子产物；只列细项，不单独删除,0,artifacts/yygc-unified/u6/locked-archives,False
artifacts/yygc-unified/u6/player-mono,D:\Developer\MiniGames\Dark Nights\unity-projects\artifacts\yygc-unified\u6\player-mono,198988046,408,89541552,7,25,0,0,archive_then_clean,历史构建；确认无后续对照需求并保留输入、文件清单和报告后可清理,0,artifacts/yygc-unified,False
artifacts/yygc-unified/u6/player-mono-compressed,D:\Developer\MiniGames\Dark Nights\unity-projects\artifacts\yygc-unified\u6\player-mono-compressed,199003190,408,89541552,7,25,0,0,retain_acceptance,保留当前验收 Player 或协议 7 性能对照；内含拒绝清理的调试目录,0,artifacts/yygc-unified,False
artifacts/yygc-unified/u6/player-mono-compressed/DNights_BurstDebugInformation_DoNotShip,D:\Developer\MiniGames\Dark Nights\unity-projects\artifacts\yygc-unified\u6\player-mono-compressed\DNights_BurstDebugInformation_DoNotShip,245875,1,0,0,3,0,0,policy_denied,自动审批已拒绝；不重试、不经父目录或其他工具绕过,0,artifacts/yygc-unified/u6/player-mono-compressed,False
artifacts/yygc-unified/u6/player-mono-performance,D:\Developer\MiniGames\Dark Nights\unity-projects\artifacts\yygc-unified\u6\player-mono-performance,198998794,408,89541552,7,25,0,0,archive_then_clean,历史构建；确认无后续对照需求并保留输入、文件清单和报告后可清理,0,artifacts/yygc-unified,False
artifacts/yygc-unified/u6/player-mono-performance/DNights_BurstDebugInformation_DoNotShip,D:\Developer\MiniGames\Dark Nights\unity-projects\artifacts\yygc-unified\u6\player-mono-performance\DNights_BurstDebugInformation_DoNotShip,245875,1,0,0,3,0,0,archive_then_clean,含诊断、截图、日志、测试存档或临时源码；先归档必要证据和唯一源文件,0,artifacts/yygc-unified/u6/player-mono-performance,False
artifacts/yygc-unified/u6/player-mono/DNights_BurstDebugInformation_DoNotShip,D:\Developer\MiniGames\Dark Nights\unity-projects\artifacts\yygc-unified\u6\player-mono\DNights_BurstDebugInformation_DoNotShip,245875,1,0,0,3,0,0,archive_then_clean,含诊断、截图、日志、测试存档或临时源码；先归档必要证据和唯一源文件,0,artifacts/yygc-unified/u6/player-mono,False
artifacts/yygc-unified/u6/sample-mono-performance,D:\Developer\MiniGames\Dark Nights\unity-projects\artifacts\yygc-unified\u6\sample-mono-performance,194957516,404,89541552,7,21,0,0,archive_then_clean,历史构建；确认无后续对照需求并保留输入、文件清单和报告后可清理,0,artifacts/yygc-unified,False
artifacts/yygc-unified/u6/source,D:\Developer\MiniGames\Dark Nights\unity-projects\artifacts\yygc-unified\u6\source,3288557937,61573,30774,6,4320,0,0,policy_denied,自动审批已拒绝；不重试、不经父目录或其他工具绕过,0,artifacts/yygc-unified,False
artifacts/yygc-unified/u6/source/.deps/FishNet/.git,D:\Developer\MiniGames\Dark Nights\unity-projects\artifacts\yygc-unified\u6\source\.deps\FishNet\.git,2154577,25,292367,6,9,0,0,inside_denied,属于已拒绝目录的子产物；只列细项，不单独删除,0,artifacts/yygc-unified/u6/source,False
artifacts/yygc-unified/u6/source/.deps/FishNet/.git/logs,D:\Developer\MiniGames\Dark Nights\unity-projects\artifacts\yygc-unified\u6\source\.deps\FishNet\.git\logs,203,1,203,1,0,0,0,inside_denied,属于已拒绝目录的子产物；只列细项，不单独删除,0,artifacts/yygc-unified/u6/source/.deps/FishNet/.git,False
artifacts/yygc-unified/u6/source/.deps/FishNet/Assets/FishNet/Demos/ColliderRollback/Scripts/Player,D:\Developer\MiniGames\Dark Nights\unity-projects\artifacts\yygc-unified\u6\source\.deps\FishNet\Assets\FishNet\Demos\ColliderRollback\Scripts\Player,4778,8,4778,8,0,0,0,inside_denied,属于已拒绝目录的子产物；只列细项，不单独删除,0,artifacts/yygc-unified/u6/source,False
artifacts/yygc-unified/u6/source/.deps/YYGC-unified/.git,D:\Developer\MiniGames\Dark Nights\unity-projects\artifacts\yygc-unified\u6\source\.deps\YYGC-unified\.git,8864193,4578,175491,6,271,0,0,inside_denied,属于已拒绝目录的子产物；只列细项，不单独删除,0,artifacts/yygc-unified/u6/source,False
artifacts/yygc-unified/u6/source/.deps/YYGC-unified/.git/logs,D:\Developer\MiniGames\Dark Nights\unity-projects\artifacts\yygc-unified\u6\source\.deps\YYGC-unified\.git\logs,905,3,591,1,4,0,0,inside_denied,属于已拒绝目录的子产物；只列细项，不单独删除,0,artifacts/yygc-unified/u6/source/.deps/YYGC-unified/.git,False
artifacts/yygc-unified/u6/source/artifacts/lan-sample/player,D:\Developer\MiniGames\Dark Nights\unity-projects\artifacts\yygc-unified\u6\source\artifacts\lan-sample\player,194957516,404,89541552,7,21,0,0,inside_denied,属于已拒绝目录的子产物；只列细项，不单独删除,0,artifacts/yygc-unified/u6/source,False
artifacts/yygc-unified/u6/source/Game/Assets/Packages,D:\Developer\MiniGames\Dark Nights\unity-projects\artifacts\yygc-unified\u6\source\Game\Assets\Packages,3278926,202,1892,11,49,0,0,inside_denied,属于已拒绝目录的子产物；只列细项，不单独删除,0,artifacts/yygc-unified/u6/source,False
artifacts/yygc-unified/u6/source/Game/Library,D:\Developer\MiniGames\Dark Nights\unity-projects\artifacts\yygc-unified\u6\source\Game\Library,3007631502,48798,102023171,28,3203,0,0,inside_denied,属于已拒绝目录的子产物；只列细项，不单独删除,0,artifacts/yygc-unified/u6/source,False
artifacts/yygc-unified/u6/source/Game/Library/Bee,D:\Developer\MiniGames\Dark Nights\unity-projects\artifacts\yygc-unified\u6\source\Game\Library\Bee,542223551,4744,232470904,93,21,0,0,inside_denied,属于已拒绝目录的子产物；只列细项，不单独删除,0,artifacts/yygc-unified/u6/source/Game/Library,False
artifacts/yygc-unified/u6/source/Game/Library/BuildPlayerData,D:\Developer\MiniGames\Dark Nights\unity-projects\artifacts\yygc-unified\u6\source\Game\Library\BuildPlayerData,4042688,3,0,0,2,0,0,inside_denied,属于已拒绝目录的子产物；只列细项，不单独删除,0,artifacts/yygc-unified/u6/source/Game/Library,False
artifacts/yygc-unified/u6/source/Game/Library/BuildPlayerData/Player,D:\Developer\MiniGames\Dark Nights\unity-projects\artifacts\yygc-unified\u6\source\Game\Library\BuildPlayerData\Player,1781176,2,1781176,2,0,0,0,inside_denied,属于已拒绝目录的子产物；只列细项，不单独删除,0,artifacts/yygc-unified/u6/source/Game/Library/BuildPlayerData,False
artifacts/yygc-unified/u6/source/Game/Library/BurstCache,D:\Developer\MiniGames\Dark Nights\unity-projects\artifacts\yygc-unified\u6\source\Game\Library\BurstCache,270793593,1693,16,1,6,0,0,inside_denied,属于已拒绝目录的子产物；只列细项，不单独删除,0,artifacts/yygc-unified/u6/source/Game/Library,False
artifacts/yygc-unified/u6/source/Game/Library/PackageCache,D:\Developer\MiniGames\Dark Nights\unity-projects\artifacts\yygc-unified\u6\source\Game\Library\PackageCache,1750120724,32408,0,0,2145,0,0,inside_denied,属于已拒绝目录的子产物；只列细项，不单独删除,0,artifacts/yygc-unified/u6/source/Game/Library,False
artifacts/yygc-unified/u6/source/Game/Library/PackageCache/com.unity.addressables@ce3e2b3f7c84/Editor/Build,D:\Developer\MiniGames\Dark Nights\unity-projects\artifacts\yygc-unified\u6\source\Game\Library\PackageCache\com.unity.addressables@ce3e2b3f7c84\Editor\Build,605346,96,238631,48,4,0,0,inside_denied,属于已拒绝目录的子产物；只列细项，不单独删除,0,artifacts/yygc-unified/u6/source/Game/Library/PackageCache,False
artifacts/yygc-unified/u6/source/Game/Library/PackageCache/com.unity.addressables@ce3e2b3f7c84/Tests/Editor/Build,D:\Developer\MiniGames\Dark Nights\unity-projects\artifacts\yygc-unified\u6\source\Game\Library\PackageCache\com.unity.addressables@ce3e2b3f7c84\Tests\Editor\Build,178256,26,178256,26,0,0,0,inside_denied,属于已拒绝目录的子产物；只列细项，不单独删除,0,artifacts/yygc-unified/u6/source/Game/Library/PackageCache,False
artifacts/yygc-unified/u6/source/Game/Library/PackageCache/com.unity.pipeline@9bb4172c603c/Editor/Commands/Build,D:\Developer\MiniGames\Dark Nights\unity-projects\artifacts\yygc-unified\u6\source\Game\Library\PackageCache\com.unity.pipeline@9bb4172c603c\Editor\Commands\Build,63211,8,63211,8,0,0,0,inside_denied,属于已拒绝目录的子产物；只列细项，不单独删除,0,artifacts/yygc-unified/u6/source/Game/Library/PackageCache,False
artifacts/yygc-unified/u6/source/Game/Library/PackageCache/com.unity.scriptablebuildpipeline@89e4d50eb709/Tests/Editor/Build,D:\Developer\MiniGames\Dark Nights\unity-projects\artifacts\yygc-unified\u6\source\Game\Library\PackageCache\com.unity.scriptablebuildpipeline@89e4d50eb709\Tests\Editor\Build,4076,2,4076,2,0,0,0,inside_denied,属于已拒绝目录的子产物；只列细项，不单独删除,0,artifacts/yygc-unified/u6/source/Game/Library/PackageCache,False
artifacts/yygc-unified/u6/source/Game/Library/PackageCache/com.unity.test-framework@76560ee600cb/UnityEditor.TestRunner/TestRun/Tasks/Player,D:\Developer\MiniGames\Dark Nights\unity-projects\artifacts\yygc-unified\u6\source\Game\Library\PackageCache\com.unity.test-framework@76560ee600cb\UnityEditor.TestRunner\TestRun\Tasks\Player,660,2,660,2,0,0,0,inside_denied,属于已拒绝目录的子产物；只列细项，不单独删除,0,artifacts/yygc-unified/u6/source/Game/Library/PackageCache,False
artifacts/yygc-unified/u6/source/Game/Library/ScriptAssemblies,D:\Developer\MiniGames\Dark Nights\unity-projects\artifacts\yygc-unified\u6\source\Game\Library\ScriptAssemblies,43132212,272,43132212,272,0,0,0,inside_denied,属于已拒绝目录的子产物；只列细项，不单独删除,0,artifacts/yygc-unified/u6/source/Game/Library,False
artifacts/yygc-unified/u6/source/Game/Library/ShaderCache,D:\Developer\MiniGames\Dark Nights\unity-projects\artifacts\yygc-unified\u6\source\Game\Library\ShaderCache,16698092,4213,7792,1,583,0,0,inside_denied,属于已拒绝目录的子产物；只列细项，不单独删除,0,artifacts/yygc-unified/u6/source/Game/Library,False
artifacts/yygc-unified/u6/source/Game/Library/UCBPBlobStorage/temp,D:\Developer\MiniGames\Dark Nights\unity-projects\artifacts\yygc-unified\u6\source\Game\Library\UCBPBlobStorage\temp,0,0,0,0,0,0,0,inside_denied,属于已拒绝目录的子产物；只列细项，不单独删除,0,artifacts/yygc-unified/u6/source/Game/Library,False
artifacts/yygc-unified/u6/source/Game/Logs,D:\Developer\MiniGames\Dark Nights\unity-projects\artifacts\yygc-unified\u6\source\Game\Logs,68321,2,68321,2,0,0,0,inside_denied,属于已拒绝目录的子产物；只列细项，不单独删除,0,artifacts/yygc-unified/u6/source,False
artifacts/yygc-unified/u6/source/Game/Packages,D:\Developer\MiniGames\Dark Nights\unity-projects\artifacts\yygc-unified\u6\source\Game\Packages,3937783,676,21571,2,35,0,0,inside_denied,属于已拒绝目录的子产物；只列细项，不单独删除,0,artifacts/yygc-unified/u6/source,False
docs,D:\Developer\MiniGames\Dark Nights\unity-projects\docs,1140363,79,478456,35,2,0,0,retain_source,仓库源码／配置；不属于自动清理范围,78,.,False
experiments,D:\Developer\MiniGames\Dark Nights\unity-projects\experiments,3490011,739,0,0,126,0,0,retain_source,仓库源码／配置；不属于自动清理范围,712,.,False
experiments/aseprite-pixel-crew,D:\Developer\MiniGames\Dark Nights\unity-projects\experiments\aseprite-pixel-crew,679970,82,10146,4,7,0,0,retain_source,研究／工具源文件；仅其明确的 bin、obj、缓存等派生子项可清理,82,experiments,False
experiments/blender-pixel-crew,D:\Developer\MiniGames\Dark Nights\unity-projects\experiments\blender-pixel-crew,2810041,657,16350,8,117,0,0,retain_source,研究／工具源文件；仅其明确的 bin、obj、缓存等派生子项可清理,630,experiments,False
experiments/blender-pixel-crew/scripts/__pycache__,D:\Developer\MiniGames\Dark Nights\unity-projects\experiments\blender-pixel-crew\scripts\__pycache__,183717,24,183717,24,0,0,0,rebuildable,编译／Python 缓存；确认无占用及所需工具输出已保存后可清理,0,experiments/blender-pixel-crew,False
Game,D:\Developer\MiniGames\Dark Nights\unity-projects\Game,6947349264,56242,11403147,185,3808,0,0,contains_denied,含已拒绝子项，不能整体删除；非受限子项另按条件列账,2611,.,False
Game/.idea,D:\Developer\MiniGames\Dark Nights\unity-projects\Game\.idea,8795,4,0,0,2,0,0,retain_source,正式资源、依赖配置或用户设置；不能按内部 bin／build 等目录名判断可清理,0,Game,False
Game/Assets,D:\Developer\MiniGames\Dark Nights\unity-projects\Game\Assets,28071372,2610,93175,25,241,0,0,retain_source,正式资源、依赖配置或用户设置；不能按内部 bin／build 等目录名判断可清理,2582,Game,False
Game/Build,D:\Developer\MiniGames\Dark Nights\unity-projects\Game\Build,111419823,237,40888752,6,25,0,0,rebuildable,本机 Unity 中间产物；先保存日志与场景恢复备份，确认无活动进程,0,Game,False
Game/Build/DNights_BurstDebugInformation_DoNotShip,D:\Developer\MiniGames\Dark Nights\unity-projects\Game\Build\DNights_BurstDebugInformation_DoNotShip,245227,1,0,0,3,0,0,retain_source,正式资源、配置、用户编辑器设置或生成输入；不可按目录名整批清理,0,Game/Build,False
Game/Library,D:\Developer\MiniGames\Dark Nights\unity-projects\Game\Library,6714126622,52947,136601324,33,3390,0,0,contains_denied,含已拒绝子项，不能整体删除；非受限子项另按条件列账,0,Game,False
Game/Library/APIUpdater,D:\Developer\MiniGames\Dark Nights\unity-projects\Game\Library\APIUpdater,3168924,12,36154,1,1,0,0,reimportable,Unity 导入／编译缓存；Editor 关闭后可重建，后续导入有时间与空间代价,0,Game/Library,False
Game/Library/Artifacts,D:\Developer\MiniGames\Dark Nights\unity-projects\Game\Library\Artifacts,214274763,5132,0,0,256,0,0,reimportable,Unity 导入／编译缓存；Editor 关闭后可重建，后续导入有时间与空间代价,0,Game/Library,False
Game/Library/Bee,D:\Developer\MiniGames\Dark Nights\unity-projects\Game\Library\Bee,4115127115,7214,231167006,75,35,0,0,contains_denied,含已拒绝子项，不能整体删除；非受限子项另按条件列账,0,Game/Library,False
Game/Library/Bee/artifacts/WinPlayerBuildProgram,D:\Developer\MiniGames\Dark Nights\unity-projects\Game\Library\Bee\artifacts\WinPlayerBuildProgram,3642112284,1974,354,1,20,0,0,policy_denied,自动审批已拒绝；不重试、不经父目录或其他工具绕过,0,Game/Library/Bee,False
Game/Library/Bee/artifacts/WinPlayerBuildProgram/il2cppOutput/build,D:\Developer\MiniGames\Dark Nights\unity-projects\Game\Library\Bee\artifacts\WinPlayerBuildProgram\il2cppOutput\build,611894768,11,601738672,3,3,0,0,inside_denied,属于已拒绝目录的子产物；只列细项，不单独删除,0,Game/Library/Bee/artifacts/WinPlayerBuildProgram,False
Game/Library/BuildCache,D:\Developer\MiniGames\Dark Nights\unity-projects\Game\Library\BuildCache,43019421,203,0,0,218,0,0,reimportable,Unity 导入／编译缓存；Editor 关闭后可重建，后续导入有时间与空间代价,0,Game/Library,False
Game/Library/BuildInstructions,D:\Developer\MiniGames\Dark Nights\unity-projects\Game\Library\BuildInstructions,0,0,0,0,0,0,0,reimportable,Unity 导入／编译缓存；Editor 关闭后可重建，后续导入有时间与空间代价,0,Game/Library,False
Game/Library/BuildPlayerData,D:\Developer\MiniGames\Dark Nights\unity-projects\Game\Library\BuildPlayerData,4037344,3,0,0,2,0,0,reimportable,Unity 导入／编译缓存；Editor 关闭后可重建，后续导入有时间与空间代价,0,Game/Library,False
Game/Library/BuildPlayerData/Player,D:\Developer\MiniGames\Dark Nights\unity-projects\Game\Library\BuildPlayerData\Player,1778763,2,1778763,2,0,0,0,reimportable,Unity 导入／编译缓存；Editor 关闭后可重建，后续导入有时间与空间代价,0,Game/Library/BuildPlayerData,False
Game/Library/BuildProfiles,D:\Developer\MiniGames\Dark Nights\unity-projects\Game\Library\BuildProfiles,3465,2,3465,2,0,0,0,reimportable,Unity 导入／编译缓存；Editor 关闭后可重建，后续导入有时间与空间代价,0,Game/Library,False
Game/Library/BurstCache,D:\Developer\MiniGames\Dark Nights\unity-projects\Game\Library\BurstCache,321009017,2610,16,1,6,0,0,reimportable,Unity 导入／编译缓存；Editor 关闭后可重建，后续导入有时间与空间代价,0,Game/Library,False
Game/Library/com.unity.addressables,D:\Developer\MiniGames\Dark Nights\unity-projects\Game\Library\com.unity.addressables,14039201,38,775074,2,6,0,0,reimportable,Unity 导入／编译缓存；Editor 关闭后可重建，后续导入有时间与空间代价,0,Game/Library,False
Game/Library/com.unity.ide.rider,D:\Developer\MiniGames\Dark Nights\unity-projects\Game\Library\com.unity.ide.rider,527,1,527,1,0,0,0,reimportable,Unity 导入／编译缓存；Editor 关闭后可重建，后续导入有时间与空间代价,0,Game/Library,False
Game/Library/InputSystem,D:\Developer\MiniGames\Dark Nights\unity-projects\Game\Library\InputSystem,14445,1,14445,1,0,0,0,reimportable,Unity 导入／编译缓存；Editor 关闭后可重建，后续导入有时间与空间代价,0,Game/Library,False
Game/Library/PackageCache,D:\Developer\MiniGames\Dark Nights\unity-projects\Game\Library\PackageCache,1754136632,33082,0,0,2180,0,0,reimportable,Unity 导入／编译缓存；Editor 关闭后可重建，后续导入有时间与空间代价,0,Game/Library,False
Game/Library/PackageCache/com.unity.addressables@ce3e2b3f7c84/Editor/Build,D:\Developer\MiniGames\Dark Nights\unity-projects\Game\Library\PackageCache\com.unity.addressables@ce3e2b3f7c84\Editor\Build,605346,96,238631,48,4,0,0,reimportable,Unity 导入／编译缓存；Editor 关闭后可重建，后续导入有时间与空间代价,0,Game/Library/PackageCache,False
Game/Library/PackageCache/com.unity.addressables@ce3e2b3f7c84/Tests/Editor/Build,D:\Developer\MiniGames\Dark Nights\unity-projects\Game\Library\PackageCache\com.unity.addressables@ce3e2b3f7c84\Tests\Editor\Build,178256,26,178256,26,0,0,0,reimportable,Unity 导入／编译缓存；Editor 关闭后可重建，后续导入有时间与空间代价,0,Game/Library/PackageCache,False
Game/Library/PackageCache/com.unity.pipeline@9bb4172c603c/Editor/Commands/Build,D:\Developer\MiniGames\Dark Nights\unity-projects\Game\Library\PackageCache\com.unity.pipeline@9bb4172c603c\Editor\Commands\Build,63211,8,63211,8,0,0,0,reimportable,Unity 导入／编译缓存；Editor 关闭后可重建，后续导入有时间与空间代价,0,Game/Library/PackageCache,False
Game/Library/PackageCache/com.unity.scriptablebuildpipeline@89e4d50eb709/Tests/Editor/Build,D:\Developer\MiniGames\Dark Nights\unity-projects\Game\Library\PackageCache\com.unity.scriptablebuildpipeline@89e4d50eb709\Tests\Editor\Build,4076,2,4076,2,0,0,0,reimportable,Unity 导入／编译缓存；Editor 关闭后可重建，后续导入有时间与空间代价,0,Game/Library/PackageCache,False
Game/Library/PackageCache/com.unity.test-framework@76560ee600cb/UnityEditor.TestRunner/TestRun/Tasks/Player,D:\Developer\MiniGames\Dark Nights\unity-projects\Game\Library\PackageCache\com.unity.test-framework@76560ee600cb\UnityEditor.TestRunner\TestRun\Tasks\Player,660,2,660,2,0,0,0,reimportable,Unity 导入／编译缓存；Editor 关闭后可重建，后续导入有时间与空间代价,0,Game/Library/PackageCache,False
Game/Library/PackageManager,D:\Developer\MiniGames\Dark Nights\unity-projects\Game\Library\PackageManager,249968,3,249968,3,0,0,0,reimportable,Unity 导入／编译缓存；Editor 关闭后可重建，后续导入有时间与空间代价,0,Game/Library,False
Game/Library/Pipeline,D:\Developer\MiniGames\Dark Nights\unity-projects\Game\Library\Pipeline,100466,1,100466,1,0,0,0,reimportable,Unity 导入／编译缓存；Editor 关闭后可重建，后续导入有时间与空间代价,0,Game/Library,False
Game/Library/PlayerDataCache,D:\Developer\MiniGames\Dark Nights\unity-projects\Game\Library\PlayerDataCache,13632710,17,0,0,3,0,0,reimportable,Unity 导入／编译缓存；Editor 关闭后可重建，后续导入有时间与空间代价,0,Game/Library,False
Game/Library/ScriptAssemblies,D:\Developer\MiniGames\Dark Nights\unity-projects\Game\Library\ScriptAssemblies,43080808,272,43080808,272,0,0,0,reimportable,Unity 导入／编译缓存；Editor 关闭后可重建，后续导入有时间与空间代价,0,Game/Library,False
Game/Library/Search,D:\Developer\MiniGames\Dark Nights\unity-projects\Game\Library\Search,31813376,9,31813376,9,0,0,0,reimportable,Unity 导入／编译缓存；Editor 关闭后可重建，后续导入有时间与空间代价,0,Game/Library,False
Game/Library/ShaderCache,D:\Developer\MiniGames\Dark Nights\unity-projects\Game\Library\ShaderCache,16950728,4299,7368,1,638,0,0,reimportable,Unity 导入／编译缓存；Editor 关闭后可重建，后续导入有时间与空间代价,0,Game/Library,False
Game/Library/SplashScreenCache,D:\Developer\MiniGames\Dark Nights\unity-projects\Game\Library\SplashScreenCache,2810324,1,0,0,1,0,0,reimportable,Unity 导入／编译缓存；Editor 关闭后可重建，后续导入有时间与空间代价,0,Game/Library,False
Game/Library/StateCache,D:\Developer\MiniGames\Dark Nights\unity-projects\Game\Library\StateCache,10534,11,0,0,15,0,0,reimportable,Unity 导入／编译缓存；Editor 关闭后可重建，后续导入有时间与空间代价,0,Game/Library,False
Game/Library/TempArtifacts,D:\Developer\MiniGames\Dark Nights\unity-projects\Game\Library\TempArtifacts,0,0,0,0,2,0,0,reimportable,Unity 导入／编译缓存；Editor 关闭后可重建，后续导入有时间与空间代价,0,Game/Library,False
Game/Library/UCBPBlobStorage,D:\Developer\MiniGames\Dark Nights\unity-projects\Game\Library\UCBPBlobStorage,0,0,0,0,1,0,0,reimportable,Unity 导入／编译缓存；Editor 关闭后可重建，后续导入有时间与空间代价,0,Game/Library,False
Game/Library/UCBPBlobStorage/temp,D:\Developer\MiniGames\Dark Nights\unity-projects\Game\Library\UCBPBlobStorage\temp,0,0,0,0,0,0,0,reimportable,Unity 导入／编译缓存；Editor 关闭后可重建，后续导入有时间与空间代价,0,Game/Library/UCBPBlobStorage,False
Game/Library/UIElements,D:\Developer\MiniGames\Dark Nights\unity-projects\Game\Library\UIElements,1432,1,0,0,1,0,0,reimportable,Unity 导入／编译缓存；Editor 关闭后可重建，后续导入有时间与空间代价,0,Game/Library,False
Game/Library/YYGCDependencyBackups,D:\Developer\MiniGames\Dark Nights\unity-projects\Game\Library\YYGCDependencyBackups,44098,2,0,0,1,0,0,retain_source,可能含依赖补丁或场景恢复备份；先确认有另一份完整来源，不按缓存清理,0,Game/Library,False
Game/Logs,D:\Developer\MiniGames\Dark Nights\unity-projects\Game\Logs,59882554,42,59882554,42,0,0,0,rebuildable,本机 Unity 中间产物；先保存日志与场景恢复备份，确认无活动进程,0,Game,False
Game/obj,D:\Developer\MiniGames\Dark Nights\unity-projects\Game\obj,22118478,183,0,0,1,0,0,rebuildable,编译／Python 缓存；确认无占用及所需工具输出已保存后可清理,0,Game,False
Game/Packages,D:\Developer\MiniGames\Dark Nights\unity-projects\Game\Packages,22185,2,22185,2,0,0,0,retain_source,正式资源、依赖配置或用户设置；不能按内部 bin／build 等目录名判断可清理,2,Game,False
Game/ProjectSettings,D:\Developer\MiniGames\Dark Nights\unity-projects\Game\ProjectSettings,60962,27,60962,27,0,0,0,retain_source,正式资源、依赖配置或用户设置；不能按内部 bin／build 等目录名判断可清理,27,Game,False
Game/Temp,D:\Developer\MiniGames\Dark Nights\unity-projects\Game\Temp,0,0,0,0,138,0,0,rebuildable,本机 Unity 中间产物；先保存日志与场景恢复备份，确认无活动进程,0,Game,False
Game/Temp/Bin,D:\Developer\MiniGames\Dark Nights\unity-projects\Game\Temp\Bin,0,0,0,0,137,0,0,rebuildable,编译／Python 缓存；确认无占用及所需工具输出已保存后可清理,0,Game/Temp,False
Game/UserSettings,D:\Developer\MiniGames\Dark Nights\unity-projects\Game\UserSettings,235326,5,2542,3,1,0,0,retain_source,正式资源、依赖配置或用户设置；不能按内部 bin／build 等目录名判断可清理,0,Game,False
tools,D:\Developer\MiniGames\Dark Nights\unity-projects\tools,909443,105,182356,29,76,0,0,retain_source,仓库源码／配置；不属于自动清理范围,60,.,False
tools/ArchitectureGuard/bin,D:\Developer\MiniGames\Dark Nights\unity-projects\tools\ArchitectureGuard\bin,0,0,0,0,15,0,0,rebuildable,编译／Python 缓存；确认无占用及所需工具输出已保存后可清理,0,tools,False
tools/ArchitectureGuard/obj,D:\Developer\MiniGames\Dark Nights\unity-projects\tools\ArchitectureGuard\obj,145565,9,5950,5,4,0,0,rebuildable,编译／Python 缓存；确认无占用及所需工具输出已保存后可清理,0,tools,False
tools/CoreBuild/bin,D:\Developer\MiniGames\Dark Nights\unity-projects\tools\CoreBuild\bin,0,0,0,0,2,0,0,rebuildable,编译／Python 缓存；确认无占用及所需工具输出已保存后可清理,0,tools,False
tools/CoreBuild/obj,D:\Developer\MiniGames\Dark Nights\unity-projects\tools\CoreBuild\obj,6279,8,5918,5,2,0,0,rebuildable,编译／Python 缓存；确认无占用及所需工具输出已保存后可清理,0,tools,False
tools/CoreRegression/bin,D:\Developer\MiniGames\Dark Nights\unity-projects\tools\CoreRegression\bin,0,0,0,0,2,0,0,rebuildable,编译／Python 缓存；确认无占用及所需工具输出已保存后可清理,0,tools,False
tools/CoreRegression/obj,D:\Developer\MiniGames\Dark Nights\unity-projects\tools\CoreRegression\obj,148637,9,9022,5,4,0,0,rebuildable,编译／Python 缓存；确认无占用及所需工具输出已保存后可清理,0,tools,False
tools/LanSampleRules/bin,D:\Developer\MiniGames\Dark Nights\unity-projects\tools\LanSampleRules\bin,0,0,0,0,2,0,0,rebuildable,编译／Python 缓存；确认无占用及所需工具输出已保存后可清理,0,tools,False
tools/LanSampleRules/obj,D:\Developer\MiniGames\Dark Nights\unity-projects\tools\LanSampleRules\obj,145433,9,5818,5,4,0,0,rebuildable,编译／Python 缓存；确认无占用及所需工具输出已保存后可清理,0,tools,False
tools/NetworkReviewProbe/bin,D:\Developer\MiniGames\Dark Nights\unity-projects\tools\NetworkReviewProbe\bin,0,0,0,0,15,0,0,rebuildable,编译／Python 缓存；确认无占用及所需工具输出已保存后可清理,0,tools,False
tools/NetworkReviewProbe/obj,D:\Developer\MiniGames\Dark Nights\unity-projects\tools\NetworkReviewProbe\obj,151629,9,10170,5,4,0,0,rebuildable,编译／Python 缓存；确认无占用及所需工具输出已保存后可清理,0,tools,False
